"type","title","public_url","admin_url","status","date","group","detail","your_notes"
"Page","About VERIFY","/about","/admin/collections/pages/4","Published","2026-08-20","/","pageHero hero · 7 blocks · depth 0",""
"Page","Administrative Services","/services/medico-legal/admin-services","/admin/collections/pages/12","Published","2026-08-20","/services/medico-legal","pageHero hero · 4 blocks · depth 2",""
"Page","Contact Us","/contact","/admin/collections/pages/2","Published","2026-08-20","/","pageHero hero · 13 blocks · depth 0",""
"Page","Educational Services","/services/educational-services","/admin/collections/pages/7","Published","2026-08-20","/services","pageHero hero · 2 blocks · depth 1",""
"Page","Events & Seminars","/events","/admin/collections/pages/22","Published","2026-08-20","/","pageHero hero · 2 blocks · depth 0",""
"Page","For Claimants","/information-centre/for-claimants","/admin/collections/pages/20","Published","2026-08-20","/information-centre","pageHero hero · 11 blocks · depth 1",""
"Page","For Clients","/information-centre/for-clients","/admin/collections/pages/19","Published","2026-08-20","/information-centre","pageHero hero · 12 blocks · depth 1",""
"Page","Home","/","/admin/collections/pages/1","Published","2026-08-20","","homeHero hero · 20 blocks · depth 0",""
"Page","In the Loop","/in-the-loop","/admin/collections/pages/21","Published","2026-08-20","/","pageHero hero · 10 blocks · depth 0",""
"Page","Independent Medical Examination (IME)","/services/medico-legal/ime","/admin/collections/pages/9","Published","2026-08-20","/services/medico-legal","pageHero hero · 6 blocks · depth 2",""
"Page","Information Centre","/information-centre","/admin/collections/pages/18","Published","2026-08-20","/","pageHero hero · 2 blocks · depth 0",""
"Page","Join Expert Panel","/specialists/join-expert-panel","/admin/collections/pages/17","Published","2026-08-20","/specialists","pageHero hero · 8 blocks · depth 1",""
"Page","Joint Medical Examination (JME)","/services/medico-legal/jme","/admin/collections/pages/10","Published","2026-08-20","/services/medico-legal","pageHero hero · 7 blocks · depth 2",""
"Page","Make a Booking","/make-a-booking","/admin/collections/pages/3","Published","2026-08-20","/","pageHero hero · 3 blocks · depth 0",""
"Page","Medico-Legal Services","/services/medico-legal","/admin/collections/pages/8","Published","2026-08-20","/services","pageHero hero · 3 blocks · depth 1",""
"Page","Meet the Team","/about/meet-the-team","/admin/collections/pages/5","Published","2026-08-20","/about","pageHero hero · 2 blocks · depth 1",""
"Page","Other Reporting Services","/services/medico-legal/reporting-services","/admin/collections/pages/11","Published","2026-08-20","/services/medico-legal","pageHero hero · 2 blocks · depth 2",""
"Page","Past Events","/events/past-events","/admin/collections/pages/24","Published","2026-08-20","/events","pageHero hero · 1 blocks · depth 1",""
"Page","Privacy Policy","/privacy-policy","/admin/collections/pages/25","Published","2026-08-20","/","pageHero hero · 3 blocks · depth 0",""
"Page","Services","/services","/admin/collections/pages/6","Published","2026-08-20","/","pageHero hero · 5 blocks · depth 0",""
"Page","Specialist Availability","/specialists/specialist-availability","/admin/collections/pages/16","Published","2026-08-20","/specialists","pageHero hero · 1 blocks · depth 1",""
"Page","Specialist Panel","/specialists/specialist-panel","/admin/collections/pages/14","Published","2026-08-20","/specialists","pageHero hero · 2 blocks · depth 1",""
"Page","Specialists","/specialists","/admin/collections/pages/13","Published","2026-08-20","/","pageHero hero · 2 blocks · depth 0",""
"Page","Specialty List","/specialists/specialty-list","/admin/collections/pages/15","Published","2026-08-20","/specialists","pageHero hero · 4 blocks · depth 1",""
"Page","Style Guide","/style-guide","/admin/collections/pages/27","DRAFT","2026-08-20","/","homeHero hero · 39 blocks · depth 0",""
"Page","Terms & Conditions","/terms-conditions","/admin/collections/pages/26","Published","2026-08-20","/","pageHero hero · 3 blocks · depth 0",""
"Page","Upcoming Events","/events/upcoming-events","/admin/collections/pages/23","Published","2026-08-20","/events","pageHero hero · 1 blocks · depth 1",""
"Article","In the Loop Vol. 27 — Timing the IME Process","/in-the-loop/qa-insights/in-the-loop-vol-27-timing-the-ime-process","/admin/collections/posts/4","Published","2026-03-27","qa-insights","by Mel Smith",""
"Article","In the Loop Vol. 26 — Why Maximum Medical Improvement is the Baseline for a Reliable IME","/in-the-loop/qa-insights/in-the-loop-vol-26-why-maximum-medical-improvement-is-the-baseline-for-a-reliable-ime","/admin/collections/posts/3","Published","2026-01-29","qa-insights","by Evie Le",""
"Article","In the Loop Vol. 25 — Compiling Briefs to Medical Specialists","/in-the-loop/qa-insights/in-the-loop-vol-25-compiling-briefs-to-medical-specialists","/admin/collections/posts/2","Published","2025-11-03","qa-insights","by Aki Tsimouris",""
"Article","In the Loop Vol. 24 — Combining Whole Person Impairment Figures","/in-the-loop/qa-insights/in-the-loop-vol-24-combining-whole-person-impairment-figures","/admin/collections/posts/1","Published","2025-09-22","qa-insights","by Sharla Knechtli",""
"Event","Breakfast Seminar with Dr Ashwani Garg","/events/event/breakfast-seminar-with-dr-ashwani-garg","/admin/collections/events/13","Published","2026-05-27","Past","7:30 am - 9:30 am · The Grove Rooftop · host: aamle · CPD",""
"Event","The Future is Female: Leading Ladies in Medicine & Law","/events/event/the-future-is-female-leading-ladies-in-medicine-and-law","/admin/collections/events/12","Published","2026-03-06","Past","Friday, 6 March 2026 | 11:00 am - 3:00 pm · Bougainvillea House, Howard Smith Wharves · host: verify",""
"Event","ALA Queensland Conference 2026","/events/event/ala-queensland-conference-2026","/admin/collections/events/11","Published","2026-02-12","Past","12 February - 14 February | 2026 · Sheraton Grand Mirage Resort, Gold Coast · host: verify",""
"Event","Holiday Party 2025: VERIFY’s ‘Blue Christmas’","/events/event/holiday-party-2025-blue-christmas","/admin/collections/events/10","Published","2025-12-18","Past","The Lodge Bar & Dining · host: verify",""
"Event","Travis Schultz & Partners Law & Wine Dinner for LifeFlight 2025","/events/event/travis-schultz-law-and-wine-dinner-lifeflight-2025","/admin/collections/events/9","Published","2025-10-09","Past","The W Hotel · host: verify",""
"Event","2025 AILA QLD Insurance Intensive ‘Risky Business’","/events/event/aila-qld-insurance-intensive-2025-risky-business","/admin/collections/events/8","Published","2025-06-05","Past","The Calile Hotel, Brisbane · host: verify",""
"Event","ALA Queensland Conference 2025","/events/event/ala-queensland-conference-2025","/admin/collections/events/7","Published","2025-02-13","Past","13 February - 15 February | 2025 · Sheraton Grand Mirage Resort, Gold Coast · host: verify",""
"Event","VERIFY End-of-Year Holiday Party 2024","/events/event/verify-end-of-year-holiday-party-2024","/admin/collections/events/6","Published","2024-12-13","Past","The Lodge Bar & Dining · host: verify",""
"Event","Breakfast Seminar with Psychiatrists","/events/event/breakfast-seminar-with-psychiatrists","/admin/collections/events/5","Published","2024-11-06","Past","8:00 am - 9:00 am · The Inchcolm · host: verify",""
"Event","Gold Coast Client Dinner","/events/event/gold-coast-client-dinner","/admin/collections/events/4","Published","2024-10-15","Past","Mid-October 2024 · Gold Coast · host: verify",""
"Event","Travis Schultz & Partners Law & Wine Dinner for LifeFlight Sponsorship","/events/event/travis-schultz-law-and-wine-dinner-lifeflight-2024","/admin/collections/events/3","Published","2024-09-12","Past","The W Hotel · host: verify",""
"Event","AILA National Conference 2024","/events/event/aila-national-conference-2024","/admin/collections/events/2","Published","2024-09-11","Past","11 September - 13 September | 2024 · Gold Coast Conference & Exhibition Centre · host: verify",""
"Event","Breakfast Seminar with Orthopaedic Surgeons","/events/event/breakfast-seminar-with-orthopaedic-surgeons","/admin/collections/events/1","Published","2024-08-26","Past","8:00 am - 9:00 am · The Inchcolm · host: verify",""
