"priority","area","document","public_url","admin_url","slot","what_it_is","field_status","renders_today","current_file","if_left_empty","supply_via","your_file_or_notes"
"1 — placeholder or fallback showing","Brand","Site Settings","site-wide","/admin/globals/site-settings","logo","Brand asset","SET","Yes — uploaded image","verify-logo.png","","Upload in the admin",""
"1 — placeholder or fallback showing","Brand","Site Settings","site-wide","/admin/globals/site-settings","shield","Brand asset","EMPTY","Yes — built-in fallback file","","Bundled shield PNG — 1166px wide, unoptimisable (OUTSTANDING §12)","Upload in the admin",""
"1 — placeholder or fallback showing","Content","Service: Brief Reduction & LOI Review Service","/services","/admin/collections/services/8","photo","services · Brief Reduction & LOI Review Service","EMPTY","Yes — placeholder box","","Blue gradient tile with the service icon and ""Image Placeholder""","Upload in the admin",""
"1 — placeholder or fallback showing","Content","Service: Brief Reduction Service","/services","/admin/collections/services/13","photo","services · Brief Reduction Service","EMPTY","Yes — placeholder box","","Blue gradient tile with the service icon and ""Image Placeholder""","Upload in the admin",""
"1 — placeholder or fallback showing","Content","Service: Educational Services / AAMLE","/services","/admin/collections/services/9","photo","services · Educational Services / AAMLE","EMPTY","Yes — placeholder box","","Blue gradient tile with the service icon and ""Image Placeholder""","Upload in the admin",""
"1 — placeholder or fallback showing","Content","Service: Expert Evidence","/services","/admin/collections/services/10","photo","services · Expert Evidence","EMPTY","Yes — placeholder box","","Blue gradient tile with the service icon and ""Image Placeholder""","Upload in the admin",""
"1 — placeholder or fallback showing","Content","Service: File Review","/services","/admin/collections/services/3","photo","services · File Review","EMPTY","Yes — placeholder box","","Blue gradient tile with the service icon and ""Image Placeholder""","Upload in the admin",""
"1 — placeholder or fallback showing","Content","Service: Independent Medical Examination (IME)","/services","/admin/collections/services/1","photo","services · Independent Medical Examination (IME)","EMPTY","Yes — placeholder box","","Blue gradient tile with the service icon and ""Image Placeholder""","Upload in the admin",""
"1 — placeholder or fallback showing","Content","Service: Interpreter Booking Service","/services","/admin/collections/services/12","photo","services · Interpreter Booking Service","EMPTY","Yes — placeholder box","","Blue gradient tile with the service icon and ""Image Placeholder""","Upload in the admin",""
"1 — placeholder or fallback showing","Content","Service: Joint Medical Examination (JME)","/services","/admin/collections/services/2","photo","services · Joint Medical Examination (JME)","EMPTY","Yes — placeholder box","","Blue gradient tile with the service icon and ""Image Placeholder""","Upload in the admin",""
"1 — placeholder or fallback showing","Content","Service: Letter of Instruction Review","/services","/admin/collections/services/14","photo","services · Letter of Instruction Review","EMPTY","Yes — placeholder box","","Blue gradient tile with the service icon and ""Image Placeholder""","Upload in the admin",""
"1 — placeholder or fallback showing","Content","Service: Medical Negligence","/services","/admin/collections/services/5","photo","services · Medical Negligence","EMPTY","Yes — placeholder box","","Blue gradient tile with the service icon and ""Image Placeholder""","Upload in the admin",""
"1 — placeholder or fallback showing","Content","Service: Supplementary Report","/services","/admin/collections/services/4","photo","services · Supplementary Report","EMPTY","Yes — placeholder box","","Blue gradient tile with the service icon and ""Image Placeholder""","Upload in the admin",""
"1 — placeholder or fallback showing","Content","Service: Surrogate Assessment & Interpreter Booking Service","/services","/admin/collections/services/7","photo","services · Surrogate Assessment & Interpreter Booking Service","EMPTY","Yes — placeholder box","","Blue gradient tile with the service icon and ""Image Placeholder""","Upload in the admin",""
"1 — placeholder or fallback showing","Content","Service: Surrogate Assessment Service","/services","/admin/collections/services/11","photo","services · Surrogate Assessment Service","EMPTY","Yes — placeholder box","","Blue gradient tile with the service icon and ""Image Placeholder""","Upload in the admin",""
"1 — placeholder or fallback showing","Content","Service: Teleconference","/services","/admin/collections/services/6","photo","services · Teleconference","EMPTY","Yes — placeholder box","","Blue gradient tile with the service icon and ""Image Placeholder""","Upload in the admin",""
"1 — placeholder or fallback showing","Page","Page: About VERIFY","/about","/admin/collections/pages/4","layout[0].rows[0].image","splitFeature · About VERIFY · Medico-Legal Solutions Built on [[Trust & Precision]] · COMPANY PHOTO PLACEHOLDER","SET","Yes — uploaded image","about-verify.jpg","","Upload in the admin",""
"1 — placeholder or fallback showing","Page","Page: About VERIFY","/about","/admin/collections/pages/4","layout[2].rows[0].image","splitFeature · Our Vision · Queensland's Leading [[Medico-Legal Reporting Company]] · Vision Photo Placeholder","SET","Yes — uploaded image","our-vision.jpg","","Upload in the admin",""
"1 — placeholder or fallback showing","Page","Page: About VERIFY","/about","/admin/collections/pages/4","layout[4].image","whyVerify · Why Choose VERIFY · What Sets Us [[Apart]] · [ Company Image Placeholder ]","SET","Yes — uploaded image","why-choose-verify.jpg","","Upload in the admin",""
"1 — placeholder or fallback showing","Page","Page: About VERIFY","/about","/admin/collections/pages/4","layout[5].photo","leadershipSpotlight · Meet Our Founder · Built by Someone Who [[Lived the Problem]] · Wes Lerch","SET","Yes — uploaded image","wes-founder.jpg","","Upload in the admin",""
"1 — placeholder or fallback showing","Page","Page: Administrative Services","/services/medico-legal/admin-services","/admin/collections/pages/12","layout[0].rows[0].image","splitFeature · Why Administrative Services Matter · The Detail Work, [[Handled for You]] · Image Placeholder","SET","Yes — uploaded image","administrative-services.jpg","","Upload in the admin",""
"1 — placeholder or fallback showing","Page","Page: Educational Services","/services/educational-services","/admin/collections/pages/7","layout[0].image","aamleEducation · Educational Services · Image Placeholder","EMPTY","Yes — placeholder box","","Pale-blue placeholder tile is on screen now","Upload in the admin",""
"1 — placeholder or fallback showing","Page","Page: For Claimants","/information-centre/for-claimants","/admin/collections/pages/20","layout[0].image","processSteps · Process Overview · Your Examination [[Step by Step]] · IMAGE PLACEHOLDER","SET","Yes — uploaded image","your-examination-step-by-step.jpg","","Upload in the admin",""
"1 — placeholder or fallback showing","Page","Page: For Clients","/information-centre/for-clients","/admin/collections/pages/19","layout[0].content[0].rows[0].image","splitFeature · How We Support You · Practical medico-legal support from referral to [[report delivery]] · Image Placeholder","SET","Yes — uploaded image","info-for-clients.jpg","","Upload in the admin",""
"1 — placeholder or fallback showing","Page","Page: Home","/","/admin/collections/pages/1","layout[1].rows[0].image","splitFeature · Who We Are · VERIFY [[Medico-Legal]] Solutions · [ Company Image Placeholder ]","SET","Yes — uploaded image","who-we-are.jpg","","Upload in the admin",""
"1 — placeholder or fallback showing","Page","Page: Independent Medical Examination (IME)","/services/medico-legal/ime","/admin/collections/pages/9","layout[0].rows[0].image","splitFeature · What is an IME? · An Expert Medical Opinion, [[Independent of All Parties]] · Image Placeholder","EMPTY","Yes — placeholder box","","Pale-blue placeholder tile is on screen now","Upload in the admin",""
"1 — placeholder or fallback showing","Page","Page: Join Expert Panel","/specialists/join-expert-panel","/admin/collections/pages/17","layout[0].rows[0].image","splitFeature · About Our Panel · A Specialist Partnership Built on [[Quality & Integrity]] · Image Placeholder","EMPTY","Yes — placeholder box","","Pale-blue placeholder tile is on screen now","Upload in the admin",""
"1 — placeholder or fallback showing","Page","Page: Joint Medical Examination (JME)","/services/medico-legal/jme","/admin/collections/pages/10","layout[0].rows[0].image","splitFeature · What is a JME? · One Specialist. [[Jointly Instructed by Both Parties.]] · Image Placeholder","EMPTY","Yes — placeholder box","","Pale-blue placeholder tile is on screen now","Upload in the admin",""
"1 — placeholder or fallback showing","Page","Page: Medico-Legal Services","/services/medico-legal","/admin/collections/pages/8","layout[0].rows[0].image","splitFeature · Overview · Everything a Matter Needs, [[Under One Roof]] · Image Placeholder","EMPTY","Yes — placeholder box","","Pale-blue placeholder tile is on screen now","Upload in the admin",""
"1 — placeholder or fallback showing","Page","Page: Other Reporting Services","/services/medico-legal/reporting-services","/admin/collections/pages/11","layout[0].rows[0].image","splitFeature · File Review · Image Placeholder","EMPTY","Yes — placeholder box","","Pale-blue placeholder tile is on screen now","Upload in the admin",""
"1 — placeholder or fallback showing","Page","Page: Other Reporting Services","/services/medico-legal/reporting-services","/admin/collections/pages/11","layout[0].rows[1].image","splitFeature · Supplementary Report · Image Placeholder","EMPTY","Yes — placeholder box","","Pale-blue placeholder tile is on screen now","Upload in the admin",""
"1 — placeholder or fallback showing","Page","Page: Other Reporting Services","/services/medico-legal/reporting-services","/admin/collections/pages/11","layout[0].rows[2].image","splitFeature · Teleconference · Image Placeholder","EMPTY","Yes — placeholder box","","Pale-blue placeholder tile is on screen now","Upload in the admin",""
"1 — placeholder or fallback showing","Page","Page: Other Reporting Services","/services/medico-legal/reporting-services","/admin/collections/pages/11","layout[0].rows[3].image","splitFeature · Expert Evidence · Image Placeholder","EMPTY","Yes — placeholder box","","Pale-blue placeholder tile is on screen now","Upload in the admin",""
"1 — placeholder or fallback showing","Page","Page: Services","/services","/admin/collections/pages/6","layout[0].rows[0].image","splitFeature · Independent Medical Examinations · Image Placeholder","EMPTY","Yes — placeholder box","","Pale-blue placeholder tile is on screen now","Upload in the admin",""
"1 — placeholder or fallback showing","Page","Page: Services","/services","/admin/collections/pages/6","layout[0].rows[1].image","splitFeature · Joint Medical Examinations · Image Placeholder","EMPTY","Yes — placeholder box","","Pale-blue placeholder tile is on screen now","Upload in the admin",""
"1 — placeholder or fallback showing","Page","Page: Services","/services","/admin/collections/pages/6","layout[3].image","aamleEducation · Educational Services · Image Placeholder","EMPTY","Yes — placeholder box","","Pale-blue placeholder tile is on screen now","Upload in the admin",""
"2 — renders without it","Brand","Site Settings","site-wide","/admin/globals/site-settings","favicon","Brand asset","SET","Yes — uploaded image","verify-favicon.png","","Upload in the admin",""
"2 — renders without it","Brand","Site Settings","site-wide","/admin/globals/site-settings","socialImage","Brand asset","SET","Yes — uploaded image","social-share.png","","Upload in the admin",""
"2 — renders without it","Content","Article: In the Loop Vol. 24 — Combining Whole Person Impairment Figures","/in-the-loop/qa-insights/in-the-loop-vol-24-combining-whole-person-impairment-figures","/admin/collections/posts/1","heroImage","posts · In the Loop Vol. 24 — Combining Whole Person Impairment Figures","EMPTY","No","","Article header renders with no image behind it","Upload in the admin",""
"2 — renders without it","Content","Article: In the Loop Vol. 25 — Compiling Briefs to Medical Specialists","/in-the-loop/qa-insights/in-the-loop-vol-25-compiling-briefs-to-medical-specialists","/admin/collections/posts/2","heroImage","posts · In the Loop Vol. 25 — Compiling Briefs to Medical Specialists","EMPTY","No","","Article header renders with no image behind it","Upload in the admin",""
"2 — renders without it","Content","Article: In the Loop Vol. 26 — Why Maximum Medical Improvement is the Baseline for a Reliable IME","/in-the-loop/qa-insights/in-the-loop-vol-26-why-maximum-medical-improvement-is-the-baseline-for-a-reliable-ime","/admin/collections/posts/3","heroImage","posts · In the Loop Vol. 26 — Why Maximum Medical Improvement is the Baseline for a Reliable IME","EMPTY","No","","Article header renders with no image behind it","Upload in the admin",""
"2 — renders without it","Content","Article: In the Loop Vol. 27 — Timing the IME Process","/in-the-loop/qa-insights/in-the-loop-vol-27-timing-the-ime-process","/admin/collections/posts/4","heroImage","posts · In the Loop Vol. 27 — Timing the IME Process","EMPTY","No","","Article header renders with no image behind it","Upload in the admin",""
"2 — renders without it","Content","Event: 2025 AILA QLD Insurance Intensive ‘Risky Business’","/events/event/aila-qld-insurance-intensive-2025-risky-business","/admin/collections/events/8","image","events · 2025 AILA QLD Insurance Intensive ‘Risky Business’","EMPTY","No","","Event card renders without an image","Upload in the admin",""
"2 — renders without it","Content","Event: AILA National Conference 2024","/events/event/aila-national-conference-2024","/admin/collections/events/2","image","events · AILA National Conference 2024","EMPTY","No","","Event card renders without an image","Upload in the admin",""
"2 — renders without it","Content","Event: ALA Queensland Conference 2025","/events/event/ala-queensland-conference-2025","/admin/collections/events/7","image","events · ALA Queensland Conference 2025","EMPTY","No","","Event card renders without an image","Upload in the admin",""
"2 — renders without it","Content","Event: ALA Queensland Conference 2026","/events/event/ala-queensland-conference-2026","/admin/collections/events/11","image","events · ALA Queensland Conference 2026","EMPTY","No","","Event card renders without an image","Upload in the admin",""
"2 — renders without it","Content","Event: Breakfast Seminar with Dr Ashwani Garg","/events/event/breakfast-seminar-with-dr-ashwani-garg","/admin/collections/events/13","image","events · Breakfast Seminar with Dr Ashwani Garg","EMPTY","No","","Event card renders without an image","Upload in the admin",""
"2 — renders without it","Content","Event: Breakfast Seminar with Orthopaedic Surgeons","/events/event/breakfast-seminar-with-orthopaedic-surgeons","/admin/collections/events/1","image","events · Breakfast Seminar with Orthopaedic Surgeons","EMPTY","No","","Event card renders without an image","Upload in the admin",""
"2 — renders without it","Content","Event: Breakfast Seminar with Psychiatrists","/events/event/breakfast-seminar-with-psychiatrists","/admin/collections/events/5","image","events · Breakfast Seminar with Psychiatrists","EMPTY","No","","Event card renders without an image","Upload in the admin",""
"2 — renders without it","Content","Event: Gold Coast Client Dinner","/events/event/gold-coast-client-dinner","/admin/collections/events/4","image","events · Gold Coast Client Dinner","EMPTY","No","","Event card renders without an image","Upload in the admin",""
"2 — renders without it","Content","Event: Holiday Party 2025: VERIFY’s ‘Blue Christmas’","/events/event/holiday-party-2025-blue-christmas","/admin/collections/events/10","image","events · Holiday Party 2025: VERIFY’s ‘Blue Christmas’","EMPTY","No","","Event card renders without an image","Upload in the admin",""
"2 — renders without it","Content","Event: The Future is Female: Leading Ladies in Medicine & Law","/events/event/the-future-is-female-leading-ladies-in-medicine-and-law","/admin/collections/events/12","image","events · The Future is Female: Leading Ladies in Medicine & Law","EMPTY","No","","Event card renders without an image","Upload in the admin",""
"2 — renders without it","Content","Event: Travis Schultz & Partners Law & Wine Dinner for LifeFlight 2025","/events/event/travis-schultz-law-and-wine-dinner-lifeflight-2025","/admin/collections/events/9","image","events · Travis Schultz & Partners Law & Wine Dinner for LifeFlight 2025","EMPTY","No","","Event card renders without an image","Upload in the admin",""
"2 — renders without it","Content","Event: Travis Schultz & Partners Law & Wine Dinner for LifeFlight Sponsorship","/events/event/travis-schultz-law-and-wine-dinner-lifeflight-2024","/admin/collections/events/3","image","events · Travis Schultz & Partners Law & Wine Dinner for LifeFlight Sponsorship","EMPTY","No","","Event card renders without an image","Upload in the admin",""
"2 — renders without it","Content","Event: VERIFY End-of-Year Holiday Party 2024","/events/event/verify-end-of-year-holiday-party-2024","/admin/collections/events/6","image","events · VERIFY End-of-Year Holiday Party 2024","EMPTY","No","","Event card renders without an image","Upload in the admin",""
"2 — renders without it","Page","Page: Home","/","/admin/collections/pages/1","hero.media","Page hero (homeHero)","EMPTY","No","","Hero renders without its image panel","Upload in the admin",""
"2 — renders without it","Page","Page: In the Loop","/in-the-loop","/admin/collections/pages/21","hero.media","Page hero (pageHero)","EMPTY","No","","Hero renders without its image panel","Upload in the admin",""
"2 — renders without it","Page","Page: Style Guide","/style-guide","/admin/collections/pages/27","hero.media","Page hero (homeHero)","EMPTY","No","","Hero renders without its image panel","Upload in the admin",""
"2 — renders without it","People","Specialist: A/Prof Arman Sabet","/specialists/profiles/dr-arman-sabet","/admin/collections/specialists/23","photo","specialists · A/Prof Arman Sabet","SET","Yes — uploaded image","Dr Arman Sabet.png","","public/assets/images/specialist/Arman Sabet.png   (PNG — transparent)",""
"2 — renders without it","People","Specialist: Adjunct Professor Anna Lenardon","/specialists/profiles/adjunct-professor-anna-lenardon","/admin/collections/specialists/11","photo","specialists · Adjunct Professor Anna Lenardon","SET","Yes — uploaded image","Adj. Prof. Anna Lenardon.png","","public/assets/images/specialist/Anna Lenardon.png   (PNG — transparent)",""
"2 — renders without it","People","Specialist: Associate Professor Iulian Nusem","/specialists/profiles/associate-professor-iulian-nusem","/admin/collections/specialists/15","photo","specialists · Associate Professor Iulian Nusem","SET","Yes — uploaded image","Assoc. Prof Iulian Nusem.png","","public/assets/images/specialist/Iulian Nusem.png   (PNG — transparent)",""
"2 — renders without it","People","Specialist: Dr Adam Parr","/specialists/profiles/dr-adam-parr","/admin/collections/specialists/16","photo","specialists · Dr Adam Parr","SET","Yes — uploaded image","Dr Adam Parr.png","","public/assets/images/specialist/Adam Parr.png   (PNG — transparent)",""
"2 — renders without it","People","Specialist: Dr Amritash Rai","/specialists/profiles/dr-amritash-rai","/admin/collections/specialists/19","photo","specialists · Dr Amritash Rai","SET","Yes — uploaded image","Dr Amritash Rai.png","","public/assets/images/specialist/Amritash Rai.png   (PNG — transparent)",""
"2 — renders without it","People","Specialist: Dr Andrew Renaut","/specialists/profiles/dr-andrew-renaut","/admin/collections/specialists/21","photo","specialists · Dr Andrew Renaut","SET","Yes — uploaded image","Dr Andrew Renaut.png","","public/assets/images/specialist/Andrew Renaut.png   (PNG — transparent)",""
"2 — renders without it","People","Specialist: Dr Andrew Ryan","/specialists/profiles/dr-andrew-ryan","/admin/collections/specialists/22","photo","specialists · Dr Andrew Ryan","SET","Yes — uploaded image","Dr Andrew Ryan.png","","public/assets/images/specialist/Andrew Ryan.png   (PNG — transparent)",""
"2 — renders without it","People","Specialist: Dr Ashwani Garg","/specialists/profiles/dr-ashwani-garg","/admin/collections/specialists/8","photo","specialists · Dr Ashwani Garg","SET","Yes — uploaded image","Dr Ashwani Garg.png","","public/assets/images/specialist/Ashwani Garg.png   (PNG — transparent)",""
"2 — renders without it","People","Specialist: Dr Benjamin Erzetic","/specialists/profiles/dr-benjamin-erzetic","/admin/collections/specialists/6","photo","specialists · Dr Benjamin Erzetic","SET","Yes — uploaded image","Dr Benjamin Erzetic.png","","public/assets/images/specialist/Benjamin Erzetic.png   (PNG — transparent)",""
"2 — renders without it","People","Specialist: Dr Bill Donnelly","/specialists/profiles/dr-bill-donnelly","/admin/collections/specialists/3","photo","specialists · Dr Bill Donnelly","SET","Yes — uploaded image","Dr Bill Donnelly.png","","public/assets/images/specialist/Bill Donnelly.png   (PNG — transparent)",""
"2 — renders without it","People","Specialist: Dr David Wheatley","/specialists/profiles/dr-david-wheatley","/admin/collections/specialists/25","photo","specialists · Dr David Wheatley","SET","Yes — uploaded image","Dr David Wheatley.png","","public/assets/images/specialist/David Wheatley.png   (PNG — transparent)",""
"2 — renders without it","People","Specialist: Dr Gerald Yeo","/specialists/profiles/dr-gerald-yeo","/admin/collections/specialists/26","photo","specialists · Dr Gerald Yeo","SET","Yes — uploaded image","Dr Gerald Yeo.png","","public/assets/images/specialist/Gerald Yeo.png   (PNG — transparent)",""
"2 — renders without it","People","Specialist: Dr Hugh English","/specialists/profiles/dr-hugh-english","/admin/collections/specialists/5","photo","specialists · Dr Hugh English","SET","Yes — uploaded image","Dr Hugh English.png","","public/assets/images/specialist/Hugh English.png   (PNG — transparent)",""
"2 — renders without it","People","Specialist: Dr James McKeon","/specialists/profiles/dr-james-mckeon","/admin/collections/specialists/13","photo","specialists · Dr James McKeon","SET","Yes — uploaded image","Dr James McKeon.png","","public/assets/images/specialist/James McKeon.png   (PNG — transparent)",""
"2 — renders without it","People","Specialist: Dr James Reidy","/specialists/profiles/dr-james-reidy","/admin/collections/specialists/20","photo","specialists · Dr James Reidy","SET","Yes — uploaded image","Dr James Reidy.png","","public/assets/images/specialist/James Reidy.png   (PNG — transparent)",""
"2 — renders without it","People","Specialist: Dr Jason Beer","/specialists/profiles/dr-jason-beer","/admin/collections/specialists/1","photo","specialists · Dr Jason Beer","SET","Yes — uploaded image","Dr Jason Beer.png","","public/assets/images/specialist/Jason Beer.png   (PNG — transparent)",""
"2 — renders without it","People","Specialist: Dr Lucas Murphy","/specialists/profiles/dr-lucas-murphy","/admin/collections/specialists/14","photo","specialists · Dr Lucas Murphy","SET","Yes — uploaded image","Dr Lucas Murphy.png","","public/assets/images/specialist/Lucas Murphy.png   (PNG — transparent)",""
"2 — renders without it","People","Specialist: Dr Michael Karpa","/specialists/profiles/dr-michael-karpa","/admin/collections/specialists/10","photo","specialists · Dr Michael Karpa","SET","Yes — uploaded image","Dr Michael Karpa.png","","public/assets/images/specialist/Michael Karpa.png   (PNG — transparent)",""
"2 — renders without it","People","Specialist: Dr Michael Mar Fan","/specialists/profiles/dr-michael-mar-fan","/admin/collections/specialists/12","photo","specialists · Dr Michael Mar Fan","SET","Yes — uploaded image","Dr Michael Mar Fan.png","","public/assets/images/specialist/Michael Mar Fan.png   (PNG — transparent)",""
"2 — renders without it","People","Specialist: Dr Robert Hodge","/specialists/profiles/dr-robert-hodge","/admin/collections/specialists/9","photo","specialists · Dr Robert Hodge","SET","Yes — uploaded image","Dr Robert Hodge.png","","public/assets/images/specialist/Robert Hodge.png   (PNG — transparent)",""
"2 — renders without it","People","Specialist: Dr Samantha Davidson","/specialists/profiles/dr-samantha-davidson","/admin/collections/specialists/2","photo","specialists · Dr Samantha Davidson","SET","Yes — uploaded image","Dr Samantha Davidson.png","","public/assets/images/specialist/Samantha Davidson.png   (PNG — transparent)",""
"2 — renders without it","People","Specialist: Dr Simon Perkins","/specialists/profiles/dr-simon-perkins","/admin/collections/specialists/17","photo","specialists · Dr Simon Perkins","SET","Yes — uploaded image","Dr Simon Perkins.png","","public/assets/images/specialist/Simon Perkins.png   (PNG — transparent)",""
"2 — renders without it","People","Specialist: Dr Slava Poel","/specialists/profiles/dr-slava-poel","/admin/collections/specialists/18","photo","specialists · Dr Slava Poel","SET","Yes — uploaded image","Dr Slava Poel.png","","public/assets/images/specialist/Slava Poel.png   (PNG — transparent)",""
"2 — renders without it","People","Specialist: Dr Thomas Ulahannan","/specialists/profiles/dr-thomas-ulahannan","/admin/collections/specialists/24","photo","specialists · Dr Thomas Ulahannan","SET","Yes — uploaded image","Dr Thomas Ulahannan.png","","public/assets/images/specialist/Thomas Ulahannan.png   (PNG — transparent)",""
"2 — renders without it","People","Specialist: Dr Timothy Doyle","/specialists/profiles/dr-timothy-doyle","/admin/collections/specialists/4","photo","specialists · Dr Timothy Doyle","SET","Yes — uploaded image","Dr Timothy Doyle.png","","public/assets/images/specialist/Timothy Doyle.png   (PNG — transparent)",""
"2 — renders without it","People","Specialist: Ms Orla Fox","/specialists/profiles/ms-orla-fox","/admin/collections/specialists/7","photo","specialists · Ms Orla Fox","SET","Yes — uploaded image","Ms Orla Fox.png","","public/assets/images/specialist/Orla Fox.png   (PNG — transparent)",""
"2 — renders without it","People","Team: Aki Tsimouris","/about/team/aki-tsimouris","/admin/collections/team/14","photo","team · Aki Tsimouris","SET","Yes — uploaded image","aki-tsimouris.jpg","","public/assets/images/team/aki-tsimouris.jpg   (JPEG fine — opaque)",""
"2 — renders without it","People","Team: Eva Tabrizi","/about/team/eva-tabrizi","/admin/collections/team/16","photo","team · Eva Tabrizi","SET","Yes — uploaded image","eva-tabrizi.jpg","","public/assets/images/team/eva-tabrizi.jpg   (JPEG fine — opaque)",""
"2 — renders without it","People","Team: Fruzsina Toth","/about/team/fruzsina-toth","/admin/collections/team/2","photo","team · Fruzsina Toth","SET","Yes — uploaded image","fruzsina-toth.jpg","","public/assets/images/team/fruzsina-toth.jpg   (JPEG fine — opaque)",""
"2 — renders without it","People","Team: Georgia Gowen","/about/team/georgia-gowen","/admin/collections/team/6","photo","team · Georgia Gowen","SET","Yes — uploaded image","georgia-gowen.jpg","","public/assets/images/team/georgia-gowen.jpg   (JPEG fine — opaque)",""
"2 — renders without it","People","Team: James Heffernan","/about/team/james-heffernan","/admin/collections/team/15","photo","team · James Heffernan","SET","Yes — uploaded image","james-heffernan.jpg","","public/assets/images/team/james-heffernan.jpg   (JPEG fine — opaque)",""
"2 — renders without it","People","Team: Jordan Dennis","/about/team/jordan-dennis","/admin/collections/team/17","photo","team · Jordan Dennis","SET","Yes — uploaded image","jordan-dennis.jpg","","public/assets/images/team/jordan-dennis.jpg   (JPEG fine — opaque)",""
"2 — renders without it","People","Team: Leilani Villatoro","/about/team/leilani-villatoro","/admin/collections/team/8","photo","team · Leilani Villatoro","SET","Yes — uploaded image","leilani-villatoro.jpg","","public/assets/images/team/leilani-villatoro.jpg   (JPEG fine — opaque)",""
"2 — renders without it","People","Team: Madeline Cook","/about/team/madeline-cook","/admin/collections/team/19","photo","team · Madeline Cook","SET","Yes — uploaded image","madeline-cook.jpg","","public/assets/images/team/madeline-cook.jpg   (JPEG fine — opaque)",""
"2 — renders without it","People","Team: Mel Smith","/about/team/mel-smith","/admin/collections/team/13","photo","team · Mel Smith","SET","Yes — uploaded image","mel-smith.jpg","","public/assets/images/team/mel-smith.jpg   (JPEG fine — opaque)",""
"2 — renders without it","People","Team: Naomi Wijedoru","/about/team/naomi-wijedoru","/admin/collections/team/9","photo","team · Naomi Wijedoru","SET","Yes — uploaded image","naomi-wijedoru.jpg","","public/assets/images/team/naomi-wijedoru.jpg   (JPEG fine — opaque)",""
"2 — renders without it","People","Team: Richa","/about/team/richa","/admin/collections/team/4","photo","team · Richa","SET","Yes — uploaded image","richa.jpg","","public/assets/images/team/richa.jpg   (JPEG fine — opaque)",""
"2 — renders without it","People","Team: Ruby Connelly","/about/team/ruby-connelly","/admin/collections/team/10","photo","team · Ruby Connelly","SET","Yes — uploaded image","ruby-connelly.jpg","","public/assets/images/team/ruby-connelly.jpg   (JPEG fine — opaque)",""
"2 — renders without it","People","Team: Ruby Turner","/about/team/ruby-turner","/admin/collections/team/11","photo","team · Ruby Turner","SET","Yes — uploaded image","ruby-turner.jpg","","public/assets/images/team/ruby-turner.jpg   (JPEG fine — opaque)",""
"2 — renders without it","People","Team: Sharla Knechtli","/about/team/sharla-knechtli","/admin/collections/team/12","photo","team · Sharla Knechtli","SET","Yes — uploaded image","sharla-knechtli.jpg","","public/assets/images/team/sharla-knechtli.jpg   (JPEG fine — opaque)",""
"2 — renders without it","People","Team: Sophia Ryan","/about/team/sophia-ryan","/admin/collections/team/18","photo","team · Sophia Ryan","SET","Yes — uploaded image","sophia-ryan.jpg","","public/assets/images/team/sophia-ryan.jpg   (JPEG fine — opaque)",""
"2 — renders without it","People","Team: Spencer Winchester","/about/team/spencer-winchester","/admin/collections/team/3","photo","team · Spencer Winchester","SET","Yes — uploaded image","spencer-winchester.jpg","","public/assets/images/team/spencer-winchester.jpg   (JPEG fine — opaque)",""
"2 — renders without it","People","Team: Sydney Shepard","/about/team/sydney-shepard","/admin/collections/team/5","photo","team · Sydney Shepard","SET","Yes — uploaded image","sydney-shepard.jpg","","public/assets/images/team/sydney-shepard.jpg   (JPEG fine — opaque)",""
"2 — renders without it","People","Team: Thanh Nguyen","/about/team/thanh-nguyen","/admin/collections/team/7","photo","team · Thanh Nguyen","SET","Yes — uploaded image","thanh-nguyen.jpg","","public/assets/images/team/thanh-nguyen.jpg   (JPEG fine — opaque)",""
"2 — renders without it","People","Team: Wes Lerch","/about/team/wes-lerch","/admin/collections/team/1","photo","team · Wes Lerch","SET","Yes — uploaded image","wes-lerch.jpg","","public/assets/images/team/wes-lerch.jpg   (JPEG fine — opaque)",""
"3 — optional","Brand","Site Settings","site-wide","/admin/globals/site-settings","logoFooter","Brand asset","INHERITED","Yes — the main logo","","Falls back to the main logo","Upload in the admin",""
"3 — optional","Content","Article: In the Loop Vol. 24 — Combining Whole Person Impairment Figures","/in-the-loop/qa-insights/in-the-loop-vol-24-combining-whole-person-impairment-figures","/admin/collections/posts/1","author.photo","posts · Sharla Knechtli","EMPTY","No","","Byline renders with no avatar; can come from a linked Team member","Upload in the admin",""
"3 — optional","Content","Article: In the Loop Vol. 24 — Combining Whole Person Impairment Figures","/in-the-loop/qa-insights/in-the-loop-vol-24-combining-whole-person-impairment-figures","/admin/collections/posts/1","meta.image","Article social preview image","INHERITED","Yes — site-wide share card","","Falls back to Site Settings → Social image","Upload in the admin",""
"3 — optional","Content","Article: In the Loop Vol. 25 — Compiling Briefs to Medical Specialists","/in-the-loop/qa-insights/in-the-loop-vol-25-compiling-briefs-to-medical-specialists","/admin/collections/posts/2","author.photo","posts · Aki Tsimouris","EMPTY","No","","Byline renders with no avatar; can come from a linked Team member","Upload in the admin",""
"3 — optional","Content","Article: In the Loop Vol. 25 — Compiling Briefs to Medical Specialists","/in-the-loop/qa-insights/in-the-loop-vol-25-compiling-briefs-to-medical-specialists","/admin/collections/posts/2","meta.image","Article social preview image","INHERITED","Yes — site-wide share card","","Falls back to Site Settings → Social image","Upload in the admin",""
"3 — optional","Content","Article: In the Loop Vol. 26 — Why Maximum Medical Improvement is the Baseline for a Reliable IME","/in-the-loop/qa-insights/in-the-loop-vol-26-why-maximum-medical-improvement-is-the-baseline-for-a-reliable-ime","/admin/collections/posts/3","author.photo","posts · Evie Le","EMPTY","No","","Byline renders with no avatar; can come from a linked Team member","Upload in the admin",""
"3 — optional","Content","Article: In the Loop Vol. 26 — Why Maximum Medical Improvement is the Baseline for a Reliable IME","/in-the-loop/qa-insights/in-the-loop-vol-26-why-maximum-medical-improvement-is-the-baseline-for-a-reliable-ime","/admin/collections/posts/3","meta.image","Article social preview image","INHERITED","Yes — site-wide share card","","Falls back to Site Settings → Social image","Upload in the admin",""
"3 — optional","Content","Article: In the Loop Vol. 27 — Timing the IME Process","/in-the-loop/qa-insights/in-the-loop-vol-27-timing-the-ime-process","/admin/collections/posts/4","author.photo","posts · Mel Smith","EMPTY","No","","Byline renders with no avatar; can come from a linked Team member","Upload in the admin",""
"3 — optional","Content","Article: In the Loop Vol. 27 — Timing the IME Process","/in-the-loop/qa-insights/in-the-loop-vol-27-timing-the-ime-process","/admin/collections/posts/4","meta.image","Article social preview image","INHERITED","Yes — site-wide share card","","Falls back to Site Settings → Social image","Upload in the admin",""
"3 — optional","Content","Event: 2025 AILA QLD Insurance Intensive ‘Risky Business’","/events/event/aila-qld-insurance-intensive-2025-risky-business","/admin/collections/events/8","meta.image","Event social preview image","INHERITED","Yes — site-wide share card","","Falls back to Site Settings → Social image","Upload in the admin",""
"3 — optional","Content","Event: AILA National Conference 2024","/events/event/aila-national-conference-2024","/admin/collections/events/2","meta.image","Event social preview image","INHERITED","Yes — site-wide share card","","Falls back to Site Settings → Social image","Upload in the admin",""
"3 — optional","Content","Event: ALA Queensland Conference 2025","/events/event/ala-queensland-conference-2025","/admin/collections/events/7","meta.image","Event social preview image","INHERITED","Yes — site-wide share card","","Falls back to Site Settings → Social image","Upload in the admin",""
"3 — optional","Content","Event: ALA Queensland Conference 2026","/events/event/ala-queensland-conference-2026","/admin/collections/events/11","meta.image","Event social preview image","INHERITED","Yes — site-wide share card","","Falls back to Site Settings → Social image","Upload in the admin",""
"3 — optional","Content","Event: Breakfast Seminar with Dr Ashwani Garg","/events/event/breakfast-seminar-with-dr-ashwani-garg","/admin/collections/events/13","meta.image","Event social preview image","INHERITED","Yes — site-wide share card","","Falls back to Site Settings → Social image","Upload in the admin",""
"3 — optional","Content","Event: Breakfast Seminar with Orthopaedic Surgeons","/events/event/breakfast-seminar-with-orthopaedic-surgeons","/admin/collections/events/1","meta.image","Event social preview image","INHERITED","Yes — site-wide share card","","Falls back to Site Settings → Social image","Upload in the admin",""
"3 — optional","Content","Event: Breakfast Seminar with Psychiatrists","/events/event/breakfast-seminar-with-psychiatrists","/admin/collections/events/5","meta.image","Event social preview image","INHERITED","Yes — site-wide share card","","Falls back to Site Settings → Social image","Upload in the admin",""
"3 — optional","Content","Event: Gold Coast Client Dinner","/events/event/gold-coast-client-dinner","/admin/collections/events/4","meta.image","Event social preview image","INHERITED","Yes — site-wide share card","","Falls back to Site Settings → Social image","Upload in the admin",""
"3 — optional","Content","Event: Holiday Party 2025: VERIFY’s ‘Blue Christmas’","/events/event/holiday-party-2025-blue-christmas","/admin/collections/events/10","meta.image","Event social preview image","INHERITED","Yes — site-wide share card","","Falls back to Site Settings → Social image","Upload in the admin",""
"3 — optional","Content","Event: The Future is Female: Leading Ladies in Medicine & Law","/events/event/the-future-is-female-leading-ladies-in-medicine-and-law","/admin/collections/events/12","meta.image","Event social preview image","INHERITED","Yes — site-wide share card","","Falls back to Site Settings → Social image","Upload in the admin",""
"3 — optional","Content","Event: Travis Schultz & Partners Law & Wine Dinner for LifeFlight 2025","/events/event/travis-schultz-law-and-wine-dinner-lifeflight-2025","/admin/collections/events/9","meta.image","Event social preview image","INHERITED","Yes — site-wide share card","","Falls back to Site Settings → Social image","Upload in the admin",""
"3 — optional","Content","Event: Travis Schultz & Partners Law & Wine Dinner for LifeFlight Sponsorship","/events/event/travis-schultz-law-and-wine-dinner-lifeflight-2024","/admin/collections/events/3","meta.image","Event social preview image","INHERITED","Yes — site-wide share card","","Falls back to Site Settings → Social image","Upload in the admin",""
"3 — optional","Content","Event: VERIFY End-of-Year Holiday Party 2024","/events/event/verify-end-of-year-holiday-party-2024","/admin/collections/events/6","meta.image","Event social preview image","INHERITED","Yes — site-wide share card","","Falls back to Site Settings → Social image","Upload in the admin",""
"3 — optional","Page","Page: About VERIFY","/about","/admin/collections/pages/4","meta.image","Page social preview image","INHERITED","Yes — site-wide share card","","Falls back to Site Settings → Social image","Upload in the admin",""
"3 — optional","Page","Page: Administrative Services","/services/medico-legal/admin-services","/admin/collections/pages/12","meta.image","Page social preview image","INHERITED","Yes — site-wide share card","","Falls back to Site Settings → Social image","Upload in the admin",""
"3 — optional","Page","Page: Contact Us","/contact","/admin/collections/pages/2","meta.image","Page social preview image","INHERITED","Yes — site-wide share card","","Falls back to Site Settings → Social image","Upload in the admin",""
"3 — optional","Page","Page: Educational Services","/services/educational-services","/admin/collections/pages/7","meta.image","Page social preview image","INHERITED","Yes — site-wide share card","","Falls back to Site Settings → Social image","Upload in the admin",""
"3 — optional","Page","Page: Events & Seminars","/events","/admin/collections/pages/22","layout[0].slides[0].image","slideCarousel · Informative Seminars","EMPTY","No","","Nothing renders for that slide","Upload in the admin",""
"3 — optional","Page","Page: Events & Seminars","/events","/admin/collections/pages/22","layout[0].slides[1].image","slideCarousel · 'Specialist Insights' Presentations","EMPTY","No","","Nothing renders for that slide","Upload in the admin",""
"3 — optional","Page","Page: Events & Seminars","/events","/admin/collections/pages/22","layout[0].slides[2].image","slideCarousel · Networking Events","EMPTY","No","","Nothing renders for that slide","Upload in the admin",""
"3 — optional","Page","Page: Events & Seminars","/events","/admin/collections/pages/22","layout[0].slides[3].image","slideCarousel · Industry Sponsorships","EMPTY","No","","Nothing renders for that slide","Upload in the admin",""
"3 — optional","Page","Page: Events & Seminars","/events","/admin/collections/pages/22","meta.image","Page social preview image","INHERITED","Yes — site-wide share card","","Falls back to Site Settings → Social image","Upload in the admin",""
"3 — optional","Page","Page: For Claimants","/information-centre/for-claimants","/admin/collections/pages/20","layout[4].content[0].items[0].image","faq · Common Questions · Frequently Asked [[Questions]]","EMPTY","No","","Split layout only, and only the FIRST item that has one is used","Upload in the admin",""
"3 — optional","Page","Page: For Claimants","/information-centre/for-claimants","/admin/collections/pages/20","layout[4].content[0].items[1].image","faq · Common Questions · Frequently Asked [[Questions]]","EMPTY","No","","Split layout only, and only the FIRST item that has one is used","Upload in the admin",""
"3 — optional","Page","Page: For Claimants","/information-centre/for-claimants","/admin/collections/pages/20","layout[4].content[0].items[2].image","faq · Common Questions · Frequently Asked [[Questions]]","EMPTY","No","","Split layout only, and only the FIRST item that has one is used","Upload in the admin",""
"3 — optional","Page","Page: For Claimants","/information-centre/for-claimants","/admin/collections/pages/20","layout[4].content[0].items[3].image","faq · Common Questions · Frequently Asked [[Questions]]","EMPTY","No","","Split layout only, and only the FIRST item that has one is used","Upload in the admin",""
"3 — optional","Page","Page: For Claimants","/information-centre/for-claimants","/admin/collections/pages/20","layout[4].content[0].items[4].image","faq · Common Questions · Frequently Asked [[Questions]]","EMPTY","No","","Split layout only, and only the FIRST item that has one is used","Upload in the admin",""
"3 — optional","Page","Page: For Claimants","/information-centre/for-claimants","/admin/collections/pages/20","layout[4].content[0].items[5].image","faq · Common Questions · Frequently Asked [[Questions]]","EMPTY","No","","Split layout only, and only the FIRST item that has one is used","Upload in the admin",""
"3 — optional","Page","Page: For Claimants","/information-centre/for-claimants","/admin/collections/pages/20","layout[4].content[0].items[6].image","faq · Common Questions · Frequently Asked [[Questions]]","EMPTY","No","","Split layout only, and only the FIRST item that has one is used","Upload in the admin",""
"3 — optional","Page","Page: For Claimants","/information-centre/for-claimants","/admin/collections/pages/20","layout[4].content[0].items[7].image","faq · Common Questions · Frequently Asked [[Questions]]","EMPTY","No","","Split layout only, and only the FIRST item that has one is used","Upload in the admin",""
"3 — optional","Page","Page: For Claimants","/information-centre/for-claimants","/admin/collections/pages/20","layout[4].content[0].items[8].image","faq · Common Questions · Frequently Asked [[Questions]]","EMPTY","No","","Split layout only, and only the FIRST item that has one is used","Upload in the admin",""
"3 — optional","Page","Page: For Claimants","/information-centre/for-claimants","/admin/collections/pages/20","layout[4].content[0].items[9].image","faq · Common Questions · Frequently Asked [[Questions]]","EMPTY","No","","Split layout only, and only the FIRST item that has one is used","Upload in the admin",""
"3 — optional","Page","Page: For Claimants","/information-centre/for-claimants","/admin/collections/pages/20","layout[4].content[0].items[10].image","faq · Common Questions · Frequently Asked [[Questions]]","EMPTY","No","","Split layout only, and only the FIRST item that has one is used","Upload in the admin",""
"3 — optional","Page","Page: For Claimants","/information-centre/for-claimants","/admin/collections/pages/20","layout[4].content[0].items[11].image","faq · Common Questions · Frequently Asked [[Questions]]","EMPTY","No","","Split layout only, and only the FIRST item that has one is used","Upload in the admin",""
"3 — optional","Page","Page: For Claimants","/information-centre/for-claimants","/admin/collections/pages/20","layout[4].content[0].items[12].image","faq · Common Questions · Frequently Asked [[Questions]]","EMPTY","No","","Split layout only, and only the FIRST item that has one is used","Upload in the admin",""
"3 — optional","Page","Page: For Claimants","/information-centre/for-claimants","/admin/collections/pages/20","layout[4].content[0].items[13].image","faq · Common Questions · Frequently Asked [[Questions]]","EMPTY","No","","Split layout only, and only the FIRST item that has one is used","Upload in the admin",""
"3 — optional","Page","Page: For Claimants","/information-centre/for-claimants","/admin/collections/pages/20","layout[4].content[0].items[14].image","faq · Common Questions · Frequently Asked [[Questions]]","EMPTY","No","","Split layout only, and only the FIRST item that has one is used","Upload in the admin",""
"3 — optional","Page","Page: For Claimants","/information-centre/for-claimants","/admin/collections/pages/20","layout[4].content[0].items[15].image","faq · Common Questions · Frequently Asked [[Questions]]","EMPTY","No","","Split layout only, and only the FIRST item that has one is used","Upload in the admin",""
"3 — optional","Page","Page: For Claimants","/information-centre/for-claimants","/admin/collections/pages/20","meta.image","Page social preview image","INHERITED","Yes — site-wide share card","","Falls back to Site Settings → Social image","Upload in the admin",""
"3 — optional","Page","Page: For Clients","/information-centre/for-clients","/admin/collections/pages/19","layout[4].content[0].items[0].image","faq · Common Questions · Client [[FAQs]]","EMPTY","No","","Split layout only, and only the FIRST item that has one is used","Upload in the admin",""
"3 — optional","Page","Page: For Clients","/information-centre/for-clients","/admin/collections/pages/19","layout[4].content[0].items[1].image","faq · Common Questions · Client [[FAQs]]","EMPTY","No","","Split layout only, and only the FIRST item that has one is used","Upload in the admin",""
"3 — optional","Page","Page: For Clients","/information-centre/for-clients","/admin/collections/pages/19","layout[4].content[0].items[2].image","faq · Common Questions · Client [[FAQs]]","EMPTY","No","","Split layout only, and only the FIRST item that has one is used","Upload in the admin",""
"3 — optional","Page","Page: For Clients","/information-centre/for-clients","/admin/collections/pages/19","layout[4].content[0].items[3].image","faq · Common Questions · Client [[FAQs]]","EMPTY","No","","Split layout only, and only the FIRST item that has one is used","Upload in the admin",""
"3 — optional","Page","Page: For Clients","/information-centre/for-clients","/admin/collections/pages/19","layout[4].content[0].items[4].image","faq · Common Questions · Client [[FAQs]]","EMPTY","No","","Split layout only, and only the FIRST item that has one is used","Upload in the admin",""
"3 — optional","Page","Page: For Clients","/information-centre/for-clients","/admin/collections/pages/19","layout[4].content[0].items[5].image","faq · Common Questions · Client [[FAQs]]","EMPTY","No","","Split layout only, and only the FIRST item that has one is used","Upload in the admin",""
"3 — optional","Page","Page: For Clients","/information-centre/for-clients","/admin/collections/pages/19","layout[4].content[0].items[6].image","faq · Common Questions · Client [[FAQs]]","EMPTY","No","","Split layout only, and only the FIRST item that has one is used","Upload in the admin",""
"3 — optional","Page","Page: For Clients","/information-centre/for-clients","/admin/collections/pages/19","layout[4].content[0].items[7].image","faq · Common Questions · Client [[FAQs]]","EMPTY","No","","Split layout only, and only the FIRST item that has one is used","Upload in the admin",""
"3 — optional","Page","Page: For Clients","/information-centre/for-clients","/admin/collections/pages/19","layout[4].content[0].items[8].image","faq · Common Questions · Client [[FAQs]]","EMPTY","No","","Split layout only, and only the FIRST item that has one is used","Upload in the admin",""
"3 — optional","Page","Page: For Clients","/information-centre/for-clients","/admin/collections/pages/19","layout[4].content[0].items[9].image","faq · Common Questions · Client [[FAQs]]","EMPTY","No","","Split layout only, and only the FIRST item that has one is used","Upload in the admin",""
"3 — optional","Page","Page: For Clients","/information-centre/for-clients","/admin/collections/pages/19","layout[4].content[0].items[10].image","faq · Common Questions · Client [[FAQs]]","EMPTY","No","","Split layout only, and only the FIRST item that has one is used","Upload in the admin",""
"3 — optional","Page","Page: For Clients","/information-centre/for-clients","/admin/collections/pages/19","layout[4].content[0].items[11].image","faq · Common Questions · Client [[FAQs]]","EMPTY","No","","Split layout only, and only the FIRST item that has one is used","Upload in the admin",""
"3 — optional","Page","Page: For Clients","/information-centre/for-clients","/admin/collections/pages/19","layout[4].content[0].items[12].image","faq · Common Questions · Client [[FAQs]]","EMPTY","No","","Split layout only, and only the FIRST item that has one is used","Upload in the admin",""
"3 — optional","Page","Page: For Clients","/information-centre/for-clients","/admin/collections/pages/19","layout[4].content[0].items[13].image","faq · Common Questions · Client [[FAQs]]","EMPTY","No","","Split layout only, and only the FIRST item that has one is used","Upload in the admin",""
"3 — optional","Page","Page: For Clients","/information-centre/for-clients","/admin/collections/pages/19","layout[4].content[0].items[14].image","faq · Common Questions · Client [[FAQs]]","EMPTY","No","","Split layout only, and only the FIRST item that has one is used","Upload in the admin",""
"3 — optional","Page","Page: For Clients","/information-centre/for-clients","/admin/collections/pages/19","layout[4].content[0].items[15].image","faq · Common Questions · Client [[FAQs]]","EMPTY","No","","Split layout only, and only the FIRST item that has one is used","Upload in the admin",""
"3 — optional","Page","Page: For Clients","/information-centre/for-clients","/admin/collections/pages/19","meta.image","Page social preview image","INHERITED","Yes — site-wide share card","","Falls back to Site Settings → Social image","Upload in the admin",""
"3 — optional","Page","Page: Home","/","/admin/collections/pages/1","meta.image","Page social preview image","INHERITED","Yes — site-wide share card","","Falls back to Site Settings → Social image","Upload in the admin",""
"3 — optional","Page","Page: In the Loop","/in-the-loop","/admin/collections/pages/21","meta.image","Page social preview image","INHERITED","Yes — site-wide share card","","Falls back to Site Settings → Social image","Upload in the admin",""
"3 — optional","Page","Page: Independent Medical Examination (IME)","/services/medico-legal/ime","/admin/collections/pages/9","layout[2].items[0].image","faq · Areas of Expertise · IMEs Across All [[Major Claim Types]]","EMPTY","No","","Split layout only, and only the FIRST item that has one is used","Upload in the admin",""
"3 — optional","Page","Page: Independent Medical Examination (IME)","/services/medico-legal/ime","/admin/collections/pages/9","layout[2].items[1].image","faq · Areas of Expertise · IMEs Across All [[Major Claim Types]]","EMPTY","No","","Split layout only, and only the FIRST item that has one is used","Upload in the admin",""
"3 — optional","Page","Page: Independent Medical Examination (IME)","/services/medico-legal/ime","/admin/collections/pages/9","layout[2].items[2].image","faq · Areas of Expertise · IMEs Across All [[Major Claim Types]]","EMPTY","No","","Split layout only, and only the FIRST item that has one is used","Upload in the admin",""
"3 — optional","Page","Page: Independent Medical Examination (IME)","/services/medico-legal/ime","/admin/collections/pages/9","layout[2].items[3].image","faq · Areas of Expertise · IMEs Across All [[Major Claim Types]]","EMPTY","No","","Split layout only, and only the FIRST item that has one is used","Upload in the admin",""
"3 — optional","Page","Page: Independent Medical Examination (IME)","/services/medico-legal/ime","/admin/collections/pages/9","layout[2].items[4].image","faq · Areas of Expertise · IMEs Across All [[Major Claim Types]]","EMPTY","No","","Split layout only, and only the FIRST item that has one is used","Upload in the admin",""
"3 — optional","Page","Page: Independent Medical Examination (IME)","/services/medico-legal/ime","/admin/collections/pages/9","layout[2].items[5].image","faq · Areas of Expertise · IMEs Across All [[Major Claim Types]]","EMPTY","No","","Split layout only, and only the FIRST item that has one is used","Upload in the admin",""
"3 — optional","Page","Page: Independent Medical Examination (IME)","/services/medico-legal/ime","/admin/collections/pages/9","layout[2].items[6].image","faq · Areas of Expertise · IMEs Across All [[Major Claim Types]]","EMPTY","No","","Split layout only, and only the FIRST item that has one is used","Upload in the admin",""
"3 — optional","Page","Page: Independent Medical Examination (IME)","/services/medico-legal/ime","/admin/collections/pages/9","layout[2].items[7].image","faq · Areas of Expertise · IMEs Across All [[Major Claim Types]]","EMPTY","No","","Split layout only, and only the FIRST item that has one is used","Upload in the admin",""
"3 — optional","Page","Page: Independent Medical Examination (IME)","/services/medico-legal/ime","/admin/collections/pages/9","layout[2].items[8].image","faq · Areas of Expertise · IMEs Across All [[Major Claim Types]]","EMPTY","No","","Split layout only, and only the FIRST item that has one is used","Upload in the admin",""
"3 — optional","Page","Page: Independent Medical Examination (IME)","/services/medico-legal/ime","/admin/collections/pages/9","meta.image","Page social preview image","INHERITED","Yes — site-wide share card","","Falls back to Site Settings → Social image","Upload in the admin",""
"3 — optional","Page","Page: Information Centre","/information-centre","/admin/collections/pages/18","meta.image","Page social preview image","INHERITED","Yes — site-wide share card","","Falls back to Site Settings → Social image","Upload in the admin",""
"3 — optional","Page","Page: Join Expert Panel","/specialists/join-expert-panel","/admin/collections/pages/17","meta.image","Page social preview image","INHERITED","Yes — site-wide share card","","Falls back to Site Settings → Social image","Upload in the admin",""
"3 — optional","Page","Page: Joint Medical Examination (JME)","/services/medico-legal/jme","/admin/collections/pages/10","layout[5].items[0].image","faq · Frequently Asked Questions · Common Questions [[About JMEs]]","EMPTY","No","","Split layout only, and only the FIRST item that has one is used","Upload in the admin",""
"3 — optional","Page","Page: Joint Medical Examination (JME)","/services/medico-legal/jme","/admin/collections/pages/10","layout[5].items[1].image","faq · Frequently Asked Questions · Common Questions [[About JMEs]]","EMPTY","No","","Split layout only, and only the FIRST item that has one is used","Upload in the admin",""
"3 — optional","Page","Page: Joint Medical Examination (JME)","/services/medico-legal/jme","/admin/collections/pages/10","layout[5].items[2].image","faq · Frequently Asked Questions · Common Questions [[About JMEs]]","EMPTY","No","","Split layout only, and only the FIRST item that has one is used","Upload in the admin",""
"3 — optional","Page","Page: Joint Medical Examination (JME)","/services/medico-legal/jme","/admin/collections/pages/10","layout[5].items[3].image","faq · Frequently Asked Questions · Common Questions [[About JMEs]]","EMPTY","No","","Split layout only, and only the FIRST item that has one is used","Upload in the admin",""
"3 — optional","Page","Page: Joint Medical Examination (JME)","/services/medico-legal/jme","/admin/collections/pages/10","layout[5].items[4].image","faq · Frequently Asked Questions · Common Questions [[About JMEs]]","EMPTY","No","","Split layout only, and only the FIRST item that has one is used","Upload in the admin",""
"3 — optional","Page","Page: Joint Medical Examination (JME)","/services/medico-legal/jme","/admin/collections/pages/10","meta.image","Page social preview image","INHERITED","Yes — site-wide share card","","Falls back to Site Settings → Social image","Upload in the admin",""
"3 — optional","Page","Page: Make a Booking","/make-a-booking","/admin/collections/pages/3","meta.image","Page social preview image","INHERITED","Yes — site-wide share card","","Falls back to Site Settings → Social image","Upload in the admin",""
"3 — optional","Page","Page: Medico-Legal Services","/services/medico-legal","/admin/collections/pages/8","meta.image","Page social preview image","INHERITED","Yes — site-wide share card","","Falls back to Site Settings → Social image","Upload in the admin",""
"3 — optional","Page","Page: Meet the Team","/about/meet-the-team","/admin/collections/pages/5","meta.image","Page social preview image","INHERITED","Yes — site-wide share card","","Falls back to Site Settings → Social image","Upload in the admin",""
"3 — optional","Page","Page: Other Reporting Services","/services/medico-legal/reporting-services","/admin/collections/pages/11","meta.image","Page social preview image","INHERITED","Yes — site-wide share card","","Falls back to Site Settings → Social image","Upload in the admin",""
"3 — optional","Page","Page: Past Events","/events/past-events","/admin/collections/pages/24","meta.image","Page social preview image","INHERITED","Yes — site-wide share card","","Falls back to Site Settings → Social image","Upload in the admin",""
"3 — optional","Page","Page: Privacy Policy","/privacy-policy","/admin/collections/pages/25","meta.image","Page social preview image","INHERITED","Yes — site-wide share card","","Falls back to Site Settings → Social image","Upload in the admin",""
"3 — optional","Page","Page: Services","/services","/admin/collections/pages/6","meta.image","Page social preview image","INHERITED","Yes — site-wide share card","","Falls back to Site Settings → Social image","Upload in the admin",""
"3 — optional","Page","Page: Specialist Availability","/specialists/specialist-availability","/admin/collections/pages/16","meta.image","Page social preview image","INHERITED","Yes — site-wide share card","","Falls back to Site Settings → Social image","Upload in the admin",""
"3 — optional","Page","Page: Specialist Panel","/specialists/specialist-panel","/admin/collections/pages/14","meta.image","Page social preview image","INHERITED","Yes — site-wide share card","","Falls back to Site Settings → Social image","Upload in the admin",""
"3 — optional","Page","Page: Specialists","/specialists","/admin/collections/pages/13","meta.image","Page social preview image","INHERITED","Yes — site-wide share card","","Falls back to Site Settings → Social image","Upload in the admin",""
"3 — optional","Page","Page: Specialty List","/specialists/specialty-list","/admin/collections/pages/15","meta.image","Page social preview image","INHERITED","Yes — site-wide share card","","Falls back to Site Settings → Social image","Upload in the admin",""
"3 — optional","Page","Page: Style Guide","/style-guide","/admin/collections/pages/27","layout[5].rows[0].image","splitFeature · IME · Independent Medical Examinations","SET","Yes — uploaded image","madeline-cook.jpg","","Upload in the admin",""
"3 — optional","Page","Page: Style Guide","/style-guide","/admin/collections/pages/27","layout[5].rows[1].image","splitFeature · JME · Joint Medical Examinations","SET","Yes — uploaded image","madeline-cook.jpg","","Upload in the admin",""
"3 — optional","Page","Page: Style Guide","/style-guide","/admin/collections/pages/27","layout[9].slides[0].image","slideCarousel · Informative Seminars","EMPTY","No","","Nothing renders for that slide","Upload in the admin",""
"3 — optional","Page","Page: Style Guide","/style-guide","/admin/collections/pages/27","layout[9].slides[1].image","slideCarousel · Specialist Insights Presentations","EMPTY","No","","Nothing renders for that slide","Upload in the admin",""
"3 — optional","Page","Page: Style Guide","/style-guide","/admin/collections/pages/27","layout[9].slides[2].image","slideCarousel · Networking Events","EMPTY","No","","Nothing renders for that slide","Upload in the admin",""
"3 — optional","Page","Page: Style Guide","/style-guide","/admin/collections/pages/27","layout[9].slides[3].image","slideCarousel · Industry Sponsorships","EMPTY","No","","Nothing renders for that slide","Upload in the admin",""
"3 — optional","Page","Page: Style Guide","/style-guide","/admin/collections/pages/27","layout[11].content[1].items[0].image","Page","EMPTY","No","","Split layout only, and only the FIRST item that has one is used","Upload in the admin",""
"3 — optional","Page","Page: Style Guide","/style-guide","/admin/collections/pages/27","layout[11].content[1].items[1].image","Page","EMPTY","No","","Split layout only, and only the FIRST item that has one is used","Upload in the admin",""
"3 — optional","Page","Page: Style Guide","/style-guide","/admin/collections/pages/27","meta.image","Page social preview image","INHERITED","Yes — site-wide share card","","Falls back to Site Settings → Social image","Upload in the admin",""
"3 — optional","Page","Page: Terms & Conditions","/terms-conditions","/admin/collections/pages/26","meta.image","Page social preview image","INHERITED","Yes — site-wide share card","","Falls back to Site Settings → Social image","Upload in the admin",""
"3 — optional","Page","Page: Upcoming Events","/events/upcoming-events","/admin/collections/pages/23","meta.image","Page social preview image","INHERITED","Yes — site-wide share card","","Falls back to Site Settings → Social image","Upload in the admin",""
"3 — optional","People","Specialist: A/Prof Arman Sabet","/specialists/profiles/dr-arman-sabet","/admin/collections/specialists/23","meta.image","Specialist social preview image","INHERITED","Yes — site-wide share card","","Falls back to Site Settings → Social image","Upload in the admin",""
"3 — optional","People","Specialist: Adjunct Professor Anna Lenardon","/specialists/profiles/adjunct-professor-anna-lenardon","/admin/collections/specialists/11","meta.image","Specialist social preview image","INHERITED","Yes — site-wide share card","","Falls back to Site Settings → Social image","Upload in the admin",""
"3 — optional","People","Specialist: Associate Professor Iulian Nusem","/specialists/profiles/associate-professor-iulian-nusem","/admin/collections/specialists/15","meta.image","Specialist social preview image","INHERITED","Yes — site-wide share card","","Falls back to Site Settings → Social image","Upload in the admin",""
"3 — optional","People","Specialist: Dr Adam Parr","/specialists/profiles/dr-adam-parr","/admin/collections/specialists/16","meta.image","Specialist social preview image","INHERITED","Yes — site-wide share card","","Falls back to Site Settings → Social image","Upload in the admin",""
"3 — optional","People","Specialist: Dr Amritash Rai","/specialists/profiles/dr-amritash-rai","/admin/collections/specialists/19","meta.image","Specialist social preview image","INHERITED","Yes — site-wide share card","","Falls back to Site Settings → Social image","Upload in the admin",""
"3 — optional","People","Specialist: Dr Andrew Renaut","/specialists/profiles/dr-andrew-renaut","/admin/collections/specialists/21","meta.image","Specialist social preview image","INHERITED","Yes — site-wide share card","","Falls back to Site Settings → Social image","Upload in the admin",""
"3 — optional","People","Specialist: Dr Andrew Ryan","/specialists/profiles/dr-andrew-ryan","/admin/collections/specialists/22","meta.image","Specialist social preview image","INHERITED","Yes — site-wide share card","","Falls back to Site Settings → Social image","Upload in the admin",""
"3 — optional","People","Specialist: Dr Ashwani Garg","/specialists/profiles/dr-ashwani-garg","/admin/collections/specialists/8","meta.image","Specialist social preview image","INHERITED","Yes — site-wide share card","","Falls back to Site Settings → Social image","Upload in the admin",""
"3 — optional","People","Specialist: Dr Benjamin Erzetic","/specialists/profiles/dr-benjamin-erzetic","/admin/collections/specialists/6","meta.image","Specialist social preview image","INHERITED","Yes — site-wide share card","","Falls back to Site Settings → Social image","Upload in the admin",""
"3 — optional","People","Specialist: Dr Bill Donnelly","/specialists/profiles/dr-bill-donnelly","/admin/collections/specialists/3","meta.image","Specialist social preview image","INHERITED","Yes — site-wide share card","","Falls back to Site Settings → Social image","Upload in the admin",""
"3 — optional","People","Specialist: Dr David Wheatley","/specialists/profiles/dr-david-wheatley","/admin/collections/specialists/25","meta.image","Specialist social preview image","INHERITED","Yes — site-wide share card","","Falls back to Site Settings → Social image","Upload in the admin",""
"3 — optional","People","Specialist: Dr Gerald Yeo","/specialists/profiles/dr-gerald-yeo","/admin/collections/specialists/26","meta.image","Specialist social preview image","INHERITED","Yes — site-wide share card","","Falls back to Site Settings → Social image","Upload in the admin",""
"3 — optional","People","Specialist: Dr Hugh English","/specialists/profiles/dr-hugh-english","/admin/collections/specialists/5","meta.image","Specialist social preview image","INHERITED","Yes — site-wide share card","","Falls back to Site Settings → Social image","Upload in the admin",""
"3 — optional","People","Specialist: Dr James McKeon","/specialists/profiles/dr-james-mckeon","/admin/collections/specialists/13","meta.image","Specialist social preview image","INHERITED","Yes — site-wide share card","","Falls back to Site Settings → Social image","Upload in the admin",""
"3 — optional","People","Specialist: Dr James Reidy","/specialists/profiles/dr-james-reidy","/admin/collections/specialists/20","meta.image","Specialist social preview image","INHERITED","Yes — site-wide share card","","Falls back to Site Settings → Social image","Upload in the admin",""
"3 — optional","People","Specialist: Dr Jason Beer","/specialists/profiles/dr-jason-beer","/admin/collections/specialists/1","meta.image","Specialist social preview image","INHERITED","Yes — site-wide share card","","Falls back to Site Settings → Social image","Upload in the admin",""
"3 — optional","People","Specialist: Dr Lucas Murphy","/specialists/profiles/dr-lucas-murphy","/admin/collections/specialists/14","meta.image","Specialist social preview image","INHERITED","Yes — site-wide share card","","Falls back to Site Settings → Social image","Upload in the admin",""
"3 — optional","People","Specialist: Dr Michael Karpa","/specialists/profiles/dr-michael-karpa","/admin/collections/specialists/10","meta.image","Specialist social preview image","INHERITED","Yes — site-wide share card","","Falls back to Site Settings → Social image","Upload in the admin",""
"3 — optional","People","Specialist: Dr Michael Mar Fan","/specialists/profiles/dr-michael-mar-fan","/admin/collections/specialists/12","meta.image","Specialist social preview image","INHERITED","Yes — site-wide share card","","Falls back to Site Settings → Social image","Upload in the admin",""
"3 — optional","People","Specialist: Dr Robert Hodge","/specialists/profiles/dr-robert-hodge","/admin/collections/specialists/9","meta.image","Specialist social preview image","INHERITED","Yes — site-wide share card","","Falls back to Site Settings → Social image","Upload in the admin",""
"3 — optional","People","Specialist: Dr Samantha Davidson","/specialists/profiles/dr-samantha-davidson","/admin/collections/specialists/2","meta.image","Specialist social preview image","INHERITED","Yes — site-wide share card","","Falls back to Site Settings → Social image","Upload in the admin",""
"3 — optional","People","Specialist: Dr Simon Perkins","/specialists/profiles/dr-simon-perkins","/admin/collections/specialists/17","meta.image","Specialist social preview image","INHERITED","Yes — site-wide share card","","Falls back to Site Settings → Social image","Upload in the admin",""
"3 — optional","People","Specialist: Dr Slava Poel","/specialists/profiles/dr-slava-poel","/admin/collections/specialists/18","meta.image","Specialist social preview image","INHERITED","Yes — site-wide share card","","Falls back to Site Settings → Social image","Upload in the admin",""
"3 — optional","People","Specialist: Dr Thomas Ulahannan","/specialists/profiles/dr-thomas-ulahannan","/admin/collections/specialists/24","meta.image","Specialist social preview image","INHERITED","Yes — site-wide share card","","Falls back to Site Settings → Social image","Upload in the admin",""
"3 — optional","People","Specialist: Dr Timothy Doyle","/specialists/profiles/dr-timothy-doyle","/admin/collections/specialists/4","meta.image","Specialist social preview image","INHERITED","Yes — site-wide share card","","Falls back to Site Settings → Social image","Upload in the admin",""
"3 — optional","People","Specialist: Ms Orla Fox","/specialists/profiles/ms-orla-fox","/admin/collections/specialists/7","meta.image","Specialist social preview image","INHERITED","Yes — site-wide share card","","Falls back to Site Settings → Social image","Upload in the admin",""
"3 — optional","People","Team: Aki Tsimouris","/about/team/aki-tsimouris","/admin/collections/team/14","meta.image","Team social preview image","INHERITED","Yes — site-wide share card","","Falls back to Site Settings → Social image","Upload in the admin",""
"3 — optional","People","Team: Eva Tabrizi","/about/team/eva-tabrizi","/admin/collections/team/16","meta.image","Team social preview image","INHERITED","Yes — site-wide share card","","Falls back to Site Settings → Social image","Upload in the admin",""
"3 — optional","People","Team: Fruzsina Toth","/about/team/fruzsina-toth","/admin/collections/team/2","meta.image","Team social preview image","INHERITED","Yes — site-wide share card","","Falls back to Site Settings → Social image","Upload in the admin",""
"3 — optional","People","Team: Georgia Gowen","/about/team/georgia-gowen","/admin/collections/team/6","meta.image","Team social preview image","INHERITED","Yes — site-wide share card","","Falls back to Site Settings → Social image","Upload in the admin",""
"3 — optional","People","Team: James Heffernan","/about/team/james-heffernan","/admin/collections/team/15","meta.image","Team social preview image","INHERITED","Yes — site-wide share card","","Falls back to Site Settings → Social image","Upload in the admin",""
"3 — optional","People","Team: Jordan Dennis","/about/team/jordan-dennis","/admin/collections/team/17","meta.image","Team social preview image","INHERITED","Yes — site-wide share card","","Falls back to Site Settings → Social image","Upload in the admin",""
"3 — optional","People","Team: Leilani Villatoro","/about/team/leilani-villatoro","/admin/collections/team/8","meta.image","Team social preview image","INHERITED","Yes — site-wide share card","","Falls back to Site Settings → Social image","Upload in the admin",""
"3 — optional","People","Team: Madeline Cook","/about/team/madeline-cook","/admin/collections/team/19","meta.image","Team social preview image","INHERITED","Yes — site-wide share card","","Falls back to Site Settings → Social image","Upload in the admin",""
"3 — optional","People","Team: Mel Smith","/about/team/mel-smith","/admin/collections/team/13","meta.image","Team social preview image","INHERITED","Yes — site-wide share card","","Falls back to Site Settings → Social image","Upload in the admin",""
"3 — optional","People","Team: Naomi Wijedoru","/about/team/naomi-wijedoru","/admin/collections/team/9","meta.image","Team social preview image","INHERITED","Yes — site-wide share card","","Falls back to Site Settings → Social image","Upload in the admin",""
"3 — optional","People","Team: Richa","/about/team/richa","/admin/collections/team/4","meta.image","Team social preview image","INHERITED","Yes — site-wide share card","","Falls back to Site Settings → Social image","Upload in the admin",""
"3 — optional","People","Team: Ruby Connelly","/about/team/ruby-connelly","/admin/collections/team/10","meta.image","Team social preview image","INHERITED","Yes — site-wide share card","","Falls back to Site Settings → Social image","Upload in the admin",""
"3 — optional","People","Team: Ruby Turner","/about/team/ruby-turner","/admin/collections/team/11","meta.image","Team social preview image","INHERITED","Yes — site-wide share card","","Falls back to Site Settings → Social image","Upload in the admin",""
"3 — optional","People","Team: Sharla Knechtli","/about/team/sharla-knechtli","/admin/collections/team/12","meta.image","Team social preview image","INHERITED","Yes — site-wide share card","","Falls back to Site Settings → Social image","Upload in the admin",""
"3 — optional","People","Team: Sophia Ryan","/about/team/sophia-ryan","/admin/collections/team/18","meta.image","Team social preview image","INHERITED","Yes — site-wide share card","","Falls back to Site Settings → Social image","Upload in the admin",""
"3 — optional","People","Team: Spencer Winchester","/about/team/spencer-winchester","/admin/collections/team/3","meta.image","Team social preview image","INHERITED","Yes — site-wide share card","","Falls back to Site Settings → Social image","Upload in the admin",""
"3 — optional","People","Team: Sydney Shepard","/about/team/sydney-shepard","/admin/collections/team/5","meta.image","Team social preview image","INHERITED","Yes — site-wide share card","","Falls back to Site Settings → Social image","Upload in the admin",""
"3 — optional","People","Team: Thanh Nguyen","/about/team/thanh-nguyen","/admin/collections/team/7","meta.image","Team social preview image","INHERITED","Yes — site-wide share card","","Falls back to Site Settings → Social image","Upload in the admin",""
"3 — optional","People","Team: Wes Lerch","/about/team/wes-lerch","/admin/collections/team/1","meta.image","Team social preview image","INHERITED","Yes — site-wide share card","","Falls back to Site Settings → Social image","Upload in the admin",""
"required","Page","Page: Style Guide","/style-guide","/admin/collections/pages/27","layout[10].content[7].media","Page","SET","Yes — uploaded image","madeline-cook.jpg","","Upload in the admin",""
